cd_UGestora,dt_Ano,nu_Licitacao,tp_Licitacao,dt_Homologacao,nu_Propostas,vl_Licitacao,tp_Objeto,de_Obs,dt_MesAno,registroCGE,tp_regimeExecucao
201050,2013,000012013,2,2013-07-01T00:00:00Z,1,341168.75,1,CONSTRUÇÃO DO CENTRO DE REFERÊNCIA ESPECIALIZADA DE ASSISTÊNCIA SOCIAL-CREAS NO BAIRRO DO CRUZEIRO NO MUNICIPIO DE CAMPI,072013,NA,5
201050,2013,000032012,1,2012-05-28T00:00:00Z,1,1440027.83,1,"CONSTRUÇÃO DA REDE DE DRENAGEM PLUVIAL E DE PAVIMENTAÇÃO DE VIAS URBANAS, NA COMUNIDADE DE TRÊS IRMÃS.",092013,NA,5
201050,2014,160102014,7,2014-01-02T00:00:00Z,1,7536.0,2,"LOCAÇÃO DO IMÓVEL SITUADO NA TRAVESSA CONSTRUTOR JOÃO GALDINO Nº 2388 - PORTEIRA DA PEDRA - CAMPINA GRANDE/PB, ONDE FUNC",012014,NA,5
201050,2014,161022014,7,2014-03-05T00:00:00Z,1,3e3,2,"CONTRATAÃ?Ã?O DE EMPRESA PARA CONSTRUÃ?Ã?O DE WEBSITE DO CONSELHO MUNICIPAL DE SAÃ?DE, CONFORME SOLICITAÃ?Ã?O DA PRESIDÃ",022014,NA,5
201050,2013,201012013,3,2013-03-26T00:00:00Z,1,74360.25,1,"Reforma da Estrutura Física da Sede do Programa ""Fome Zero"", neste Município.",062013,NA,5
201050,2013,201102013,3,2013-08-30T00:00:00Z,1,145599.74,1,REFORMA DA ESTRUTURA FÍSICA DO GABINETE DO PREFEITO DO MUNICÍPIO DE CAMPINA GRANDE,112013,NA,5
201050,2014,203032013,12,2014-04-04T00:00:00Z,1,987214.3,2,"AQUISIÇÃO DE MATERIAIS ELETRICOS,MATERIAIS HIDRAULICOS E CONSTRUÇÃO P/A MANUTENÇÃO DOS PRÓPRIOS DO MUNICIPIO DE CAMPNA G",042014,NA,5
201050,2013,203102013,3,2013-12-06T00:00:00Z,1,31991.45,1,CONTRATAÇÃO DE EMPRESA PARA REALIZAÇÃO DA REFORMA DOS BANHEIROS DO PRÉDIO ONDE FUNCIONA A GERÊNCIA DE COMPRAS DA SAD,112013,NA,5
201050,2013,206012013,2,2013-12-09T00:00:00Z,1,504475.19,2,CONSTRUÇÃO DE QUADRA ESCOLAR COBERTA COM VESTIÁRIO NA EMEF ANTONIO MARIZ.,122013,NA,5
201050,2013,206012013,3,2013-03-26T00:00:00Z,3,67e3,1,"Instalação de Parques Infantis e Construção de Quadras de Areia, Recuperação de Forros, Banheiros e Fossas das Escolas M",032013,NA,5
201050,2015,206012015,1,2015-11-19T00:00:00Z,1,281130.1,1,"EXECUCAO DOS SERVICOS DE COMPLEMENTO DE OBRA DE CONSTRUCAO DA CRECHE NO BAIRRO DA CATINGUEIRA, MODELO FNDE NO MUNICIPIO",112015,NA,5
201050,2013,206022013,2,2013-12-09T00:00:00Z,1,504475.19,2,CONSTRUÇÃO DE QUADRA COBERTA COM VESTIÁRIO NA EMEF MARIA SALOMÉ ALVES DOS SANTOS.,122013,NA,5
201050,2014,206022014,7,2014-05-26T00:00:00Z,1,15998.25,2,"REFORMA DO MURO DA ESCOLA MUNICIPAL DE ENSINO FUNDAMENTAL ADALGIZA AMORIM, NO MUNICIPIO DE CAMPINA GRANDE, ESTADO DA PAR",052014,NA,5
201050,2015,206022015,1,2015-11-19T00:00:00Z,1,693798.19,1,"EXECUCAO DOS SERVICOS DE COMPLEMENTO DE OBRA DE CONSTRUCAO DA CRECHE NO BAIRRO JOAO PAULO II, MODELO FNDE NO MUNICIPIO D",112015,NA,5
201050,2015,206022015,2,2015-05-29T00:00:00Z,5,103342.56,2,"EXECUCAO DA REFORMA DA ESCOLA MUNICIPAL DE ENSINO FUNDAMENTAL LUCIA DE FATIMA GAYOSO, NO MUNICIPIO DE CAMPINA GRANDE, ES",052015,NA,NA
201050,2013,206032013,2,2013-12-09T00:00:00Z,1,504475.19,2,CONSTRUÇÃO DE QUADRA ESCOLAR COBERTA COM VESTIÁRIO NA EMEF MARIA DAS VITÓRIAS.,122013,NA,5
201050,2014,206032014,7,2014-06-12T00:00:00Z,1,76611.55,2,"REFORMA DO MURO DA ESCOLA MUNICIPAL DE ENSINO FUNDAMENTAL PRESIDENTE KENNEDY, NO MUNICIPIO DE CAMPINA GRANDE, ESTADO DA",062014,NA,5
201050,2015,206032015,1,2015-11-20T00:00:00Z,1,432742.7,1,"EXECUCAO DOS SERVICOS DE COMPLEMENTO DA OBRA DE CONSTRUCAO DA CRECHE NO BAIRRO DO NOVO CRUZEIRO , MODELO FNDE NO MUNICIP",112015,NA,5
201050,2015,206032015,2,2015-06-26T00:00:00Z,6,303780.28,2,"EXECUCAO DA REFORMA DA ESCOLA MUNICIPAL DE ENSINO FUNDAMENTAL LUIZ JUVINO GOMES, NO MUNICIPIO DE CAMPINA GRANDE, ESTADO",062015,NA,NA
201050,2013,206042013,2,2013-12-09T00:00:00Z,1,504475.19,2,CONSTRUÇÃO DE QUADRA COBERTA COM VESTIÁRIO NA EMEF PAULO FREIRE.,122013,NA,5
201050,2014,206042014,7,2014-06-12T00:00:00Z,1,17134.54,2,"REFORMA DO MURO DA ESCOLA MUNICIPAL DE ENSINO FUNDAMENTAL FREI DAGOBERTO STUCKER, NO MUNICIPIO DE CAMPINA GRANDE, ESTADO",062014,NA,5
201050,2015,206042015,1,2015-11-20T00:00:00Z,2,881351.61,1,"EXECUCAO DOS SERVICOS DE COMPLEMENTO DA OBRA DE CONSTRUCAO DA CRECHE NO BAIRRO DE SAO JOSE DA MATA , MODELO FNDE NO MUNI",112015,NA,5
201050,2015,206042015,2,2015-05-29T00:00:00Z,3,51791.35,2,"EXECUCAO DA REFORMA DA ESCOLA MUNICIPAL DE ENSINO FUNDAMENTAL MANOEL JOAQUIM AGUIAR, NO MUNICIPIO DE CAMPINA GRANDE, EST",052015,NA,NA
201050,2014,206052014,7,2014-07-10T00:00:00Z,1,46129.96,2,"REFORMA DA COBERTA DO PATIO DA ESCOLA MUNICIPAL DE ENSINO FUNDAMENTAL LYONS PRATA, NO MUNICIPIO DE CAMPINA GRANDE, ESTAD",062014,NA,5
201050,2015,206052015,2,2015-05-29T00:00:00Z,3,74756.18,2,"EXECUCAO DA REFORMA DA ESCOLA MUNICIPAL DE ENSINO FUNDAMENTAL CICERO VIRGINIO, NO MUNICIPIO DE CAMPINA GRANDE, ESTADO DA",052015,NA,NA
201050,2014,206062014,2,2014-05-20T00:00:00Z,1,322396.14,2,"EXECUCAO DA REFORMA DA ESCOLA MUNICIPAL ANESIO LEAO, DA REDE MUNICIPAL DE ENSINO, DA PREFEITURA MUNICIPAL DE CAMPINA GRA",042014,NA,5
201050,2014,206062014,7,2014-07-10T00:00:00Z,1,9142.73,2,"REFORMA DO MURO DA ESCOLA MUNICIPAL DE ENSINO FUNDAMENTAL JEREMIAS SERGIO, NO MUNICIPIO DE CAMPINA GRANDE, ESTADO DA PAR",072014,NA,5
201050,2015,206062015,2,2015-05-29T00:00:00Z,7,561460.4,2,"EXECUCAO DA REFORMA DA CRECHE MUNICIPAL SEVERINO CABRAL, NO MUNICIPIO DE CAMPINA GRANDE, ESTADO DA PARAIBA.",052015,NA,NA
201050,2014,206072014,7,2014-08-04T00:00:00Z,1,75537.48,2,"REFORMA DA ESCOLA MUNICIPAL DE ENSINO FUNDAMENTAL CASSIANO PEREIRA PASCOAL, NO MUNICIPIO DE CAMPINA GRANDE, ESTADO DA PA",072014,NA,5
201050,2015,206072015,2,2015-05-23T00:00:00Z,1,14928.57,2,"EXECUCAO DA REFORMA DO PATIO DA ESCOLA MUNICIPAL DE ENSINO FUNDAMENTAL PROFESSOR JOSE DE ALMEIDA JUNIOR, NO MUNICIPIO DE",052015,NA,NA
201050,2015,206082015,2,2015-09-05T00:00:00Z,2,66428.22,2,"EXECUCAO DA REFORMA DOS BANHEIROS DA ESCOLA MUNICIPAL DE ENSINO FUNDAMENTAL LIONS PRATA, NO MUNICIPIO DE CAMPINA GRANDE,",082015,NA,5
201050,2015,206092015,2,2015-06-10T00:00:00Z,1,25220.05,2,"EXECUCAO DOS SERVICOS DE COMPLEMENTACAO DA REFORMA DA ESCOLA MUNICIPAL DE ENSINO FUNDAMENTAL MONSENHOR SALES, NO MUNICIP",062015,NA,NA
201050,2013,206102013,3,2013-09-30T00:00:00Z,1,143162.02,2,"REFORMA DA ESCOLA MUNICIPAL MARIA DAS VITÓRIAS UCHOA, NO BAIRRO DAS CIDADES, NESTE MUNICÍPIO",092013,NA,5
201050,2015,206102015,2,2015-06-10T00:00:00Z,1,27364.53,2,"EXECUCAO DOS SERVICOS DE COMPLEMENTACAO DA REFORMA DA ESCOLA MUNICIPAL DE ENSINO FUNDAMENTAL DR. JOSE TAVARES, NO MUNICI",062015,NA,NA
201050,2014,206112014,2,2014-05-20T00:00:00Z,1,270289.46,2,EXECUCAO DA REFORMA DA ESCOLA MUNICIPAL DE ENSINO FUNDAMENTAL FERNANDO CUNHA LIMA NO MUNICIPIO DE CAMPINA GRANDE PB,042014,NA,5
201050,2015,206112015,2,2015-06-10T00:00:00Z,1,33913.22,2,"EXECUCAO DOS SERVICOS DE COMPLEMENTACAO DA REFORMA DA ESCOLA MUNICIPAL DE ENSINO FUNDAMENTAL AGEU GENUINO, NO MUNICIPIO",062015,NA,NA
201050,2015,206122015,2,2015-06-10T00:00:00Z,1,72994.27,2,"EXECUCAO DOS SERVICOS DE COMPLEMENTACAO DA REFORMA DA ESCOLA MUNICIPAL DE ENSINO FUNDAMENTAL WILLIAMS ARRUDA, NO MUNICIP",062015,NA,NA
201050,2015,206192015,2,2015-12-29T00:00:00Z,2,59361.54,1,"EXECUCAO DOS SERVICOS DE COMPLEMENTACAO DA REFORMA DA ESCOLA MUNICIPAL CEAI ANTONIO MARIZ, NO MUNICIPIO DE CAMPINA GRAND",112015,NA,5
201050,2014,206202014,2,2014-07-19T00:00:00Z,3,335597.6,2,"MENOR PRECO, EM REGIME DE EMPREITADA POR PRECO UNITARIO, PARA REFORMA DA ESCOLA MUNICIPAL CEAI  GOVERNADOR ANTONIO MARIZ",072014,NA,5
201050,2015,206202015,2,2015-10-06T00:00:00Z,1,339837.02,1,EXECUCAO DA COMPLEMENTACAO DA OBRA DE CONSTRUCAO DE QUADRA POLIESPORTIVA COM VESTIARIO NA ESCOLA MUNICIPAL DE ENSINO FUN,092015,NA,5
201050,2014,206212014,2,2014-07-19T00:00:00Z,2,171484.38,2,"MENOR PRECO, EM REGIME DE EMPREITADA POR PRECO UNITARIO, PARA REFORMA DA ESCOLA MUNICIPAL DE ENSINO FUNDAMENTAL APOLONIA",072014,NA,5
201050,2015,206212015,2,2015-10-09T00:00:00Z,1,341692.61,1,EXECUCAO DA COMPLEMENTACAO DA OBRA DE CONSTRUCAO DE QUADRA POLIESPORTIVA COM VESTIARIO NA ESCOLA MUNICIPAL DE ENSINO FUN,092015,NA,5
201050,2014,206222014,2,2014-09-19T00:00:00Z,3,506852.77,2,MENOR PRECO PARA CONSTRUCAO DE QUADRA POLIESPORTIVA COM VESTIARIO - MODELO FNDE - OBRA ID N 60379 DA ESCOLA MUNICIPAL DE,082014,NA,5
201050,2015,206222015,2,2015-10-08T00:00:00Z,1,154030.07,1,EXECUCAO DA COMPLEMENTACAO DA OBRA DE CONSTRUCAO DE QUADRA POLIESPORTIVA COM VESTIARIO NA ESCOLA MUNICIPAL CEAI ANTONIO,092015,NA,5
201050,2014,206232014,2,2014-09-19T00:00:00Z,3,506852.77,2,CONSTRUCAO DE QUADRA POLIESPORTIVA COM VESTIARIO - MODELO FNDE - OBRA ID N 60381 DA ESCOLA MUNICIPAL DE ENSINO FUNDAMENT,082014,NA,5
201050,2015,206232015,2,2015-10-03T00:00:00Z,3,149548.15,1,EXECUCAO DA COMPLEMENTACAO DA OBRA DE CONSTRUCAO DE QUADRA POLIESPORTIVA COM VESTIARIO NA ESCOLA MUNICIPAL MARIA DAS VIT,092015,NA,5
201050,2014,206242014,2,2014-09-19T00:00:00Z,3,506852.77,2,CONSTRUCAO DE QUADRA POLIESPORTIVA COM VESTIARIO - MODELO FNDE - OBRA ID N 60378 DA ESCOLA MUNICIPAL DE ENSINO FUNDAMENT,082014,NA,5
201050,2014,206252014,2,2014-09-23T00:00:00Z,3,506852.77,2,MENOR PRECO CONSTRUCAO DE QUADRA POLIESPORTIVA COM VESTIARIO - MODELO FNDE - OBRA ID N 60380 DA ESCOLA MUNICIPAL CEAI DR,082014,NA,5
201050,2015,206252015,2,2015-08-24T00:00:00Z,1,136245.27,1,"EXECUCAO DOS SERVICOS DE COMPLEMENTO DE OBRA DE COBERTURA DE QUADRA  ESPORTIVA PEQUENA, MODELO FNDE, NA ESCOLA MUNICIPAL",082015,NA,5
201050,2015,206262015,2,2015-08-28T00:00:00Z,1,135353.33,1,"EXECUCAO DOS SERVICOS DE COMPLEMENTO DE OBRA DE COBERTURA DE QUADRA  ESPORTIVA PEQUENA, MODELO FNDE, NA ESCOLA MUNICIPAL",082015,NA,5
201050,2014,206272014,2,2014-07-04T00:00:00Z,1,29829.17,2,"MENOR PRECO, EM REGIME DE EMPREITADA POR PRECO UNITARIO, PARA REFORMA DA ESCOLA MUNICIPAL DE ENSINO FUNDAMENTAL AGEU GEN",062014,NA,5
201050,2015,206272015,2,2015-10-06T00:00:00Z,1,136670.03,1,"EXECUCAO DOS SERVICOS DE COMPLEMENTO DE OBRA DE COBERTURA DE QUADRA  ESPORTIVA PEQUENA, MODELO FNDE, NA ESCOLA MUNICIPAL",092015,NA,5
201050,2014,206282014,2,2014-07-04T00:00:00Z,1,15001.92,2,"MENOR PRECO, EM REGIME DE EMPREITADA POR PRECO UNITARIO, PARA REFORMA DA ESCOLA MUNICIPAL DE ENSINO FUNDAMENTAL ALMEIDA",062014,NA,5
201050,2015,206282015,2,2015-08-24T00:00:00Z,1,143278.85,1,"EXECUCAO DOS SERVICOS DE COMPLEMENTO DE OBRA DE COBERTURA DE QUADRA ESPORTIVA PEQUENA, MODELO FNDE, NA ESCOLA MUNICIPAL",082015,NA,5
201050,2014,206292014,2,2014-07-04T00:00:00Z,1,70909.31,2,"MENOR PRECO, EM REGIME DE EMPREITADA POR PRECO UNITARIO, PARA REFORMA DA ESCOLA MUNICIPAL DE ENSINO FUNDAMENTAL AROLDO C",062014,NA,5
201050,2015,206292015,2,2015-08-22T00:00:00Z,1,20579.15,1,"EXECUCAO DOS SERVICOS DE COMPLEMENTACAO DE OBRA DE CONSTRUCAO DE QUADRA POLIESPORTIVA PEQUENA, MODELO FNDE, NA ESCOLA MU",082015,NA,5
201050,2015,206302015,2,2015-08-22T00:00:00Z,1,99996.45,1,"EXECUCAO DOS SERVICOS DE COMPLEMENTACAO DE OBRA DE CONSTRUCAO DE QUADRA POLIESPORTIVA PEQUENA, MODELO FNDE, NA ESCOLA MU",082015,NA,5
201050,2014,206312014,2,2014-07-04T00:00:00Z,1,55267.96,2,"MENOR PRECO, EM REGIME DE EMPREITADA POR PRECO UNITARIO, PARA REFORMA DA ESCOLA MUNICIPAL DE ENSINO FUNDAMENTAL DR. JOSE",062014,NA,5
201050,2015,206312015,2,2015-08-22T00:00:00Z,1,66428.18,1,"EXECUCAO DOS SERVICOS DE COMPLEMENTACAO DE OBRA DE CONSTRUCAO DE QUADRA POLIESPORTIVA PEQUENA, MODELO FNDE, NA ESCOLA MU",082015,NA,5
201050,2015,206322015,2,2015-08-22T00:00:00Z,1,92163.19,1,"EXECUCAO DOS SERVICOS DE COMPLEMENTACAO DE OBRA DE CONSTRUCAO DE QUADRA POLIESPORTIVA PEQUENA, MODELO FNDE, NA ESCOLA MU",082015,NA,5
201050,2015,206332015,2,2015-10-01T00:00:00Z,5,103208.64,1,"EXECUCAO DOS SERVICOS DE REFORMA DA ESCOLA MUNICIPAL HENRIQUE GUILHERMINO, NO MUNICIPIO DE CAMPINA GRANDE, ESTADO DA PAR",092015,NA,5
201050,2015,206342015,2,2015-11-28T00:00:00Z,6,84362.73,1,"EXECUCAO DOS SERVICOS DE REFORMA DA ESCOLA MUNICIPAL ALICE GAUDENCIO, NO MUNICIPIO DE CAMPINA GRANDE, ESTADO DA PARAIBA.",112015,NA,5
201050,2013,206352013,9,2013-09-23T00:00:00Z,1,1677412.99,1,"RDC Nº 93/2012 PARA CONSTRUÇÃO DE ESCOLA NA RUA CTO. PAULO SERGIO, DENOMINADA BODOCONGÓ I, CÓDIGO SIMEC 24982",092013,NA,5
201050,2014,206352014,2,2014-08-30T00:00:00Z,1,57395.73,2,EXECUCAO DA REFORMA DA ESCOLA MUNICIPAL DE ENSINO FUNDAMENTAL NELY DE LIMA E MELO E DA ESCOLA MUNICIPAL DE ENSINO FUNDAM,082014,NA,5
201050,2015,206352015,2,2015-10-09T00:00:00Z,5,123042.82,1,"EXECUCAO DOS SERVICOS DE REFORMA DA ESCOLA MUNICIPAL CICERO CORREIA MENEZES, NO MUNICIPIO DE CAMPINA GRANDE, ESTADO DA P",092015,NA,5
201050,2013,206362013,2,2013-09-23T00:00:00Z,1,1699489.89,1,"RDC Nº 93/2012 PARA CONSTRUÇÃO DE ESCOLA NA RUA DR PAULO ACÁCIO GALVÃO, BAIRRO BODOCONGÓ, CÓDIGO SIMEC 24981",102013,NA,5
201050,2013,206362013,9,2013-09-23T00:00:00Z,1,1699489.89,1,"RDC Nº 93/2012 PARA CONSTRUÇÃO DE ESCOLA NA RUA DR PAULO ACÁCIO GALVÃO, BAIRRO BODOCONGÓ, CÓDIGO SIMEC 24981",092013,NA,5
201050,2014,206362014,2,2014-08-30T00:00:00Z,1,95639.71,2,EXECUCAO DA REFORMA DA ESCOLA MUNICIPAL DE ENSINO FUNDAMENTAL JOSE DE ALMEIDA E DA ESCOLA MUNICIPAL DE ENSINO FUNDAMENTA,082014,NA,5
201050,2013,206372013,2,2013-09-23T00:00:00Z,1,1684877.54,1,"RDC Nº 93/2012 PARA CONSTRUÇÃO DE ESCOLA NA RUA PROJETADA 15, BAIRRO CUITÉS, CÓDIGO SIMEC 24977",102013,NA,5
201050,2013,206372013,9,2013-09-23T00:00:00Z,1,1684877.54,1,"RDC Nº 93/2012 PARA CONSTRUÇÃO DE ESCOLA NA RUA PROJETADA 15, BAIRRO CUITÉS, CÓDIGO SIMEC 24977",092013,NA,5
201050,2014,206372014,2,2014-09-19T00:00:00Z,2,299007.64,2,CONTRATACAO DE EMPRESA ESPECIALIZADA NA CONSTRUCAO DE COBERTURA E QUADRA ESPORTIVA PEQUENA - MODELO FNDE - OBRA ID N6374,082014,NA,5
201050,2013,206382013,2,2013-09-23T00:00:00Z,1,1688253.2,1,"RDC Nº 93/2012 PARA CONSTRUÇÃO DE ESCOLA NA RUA PROJETADA VL6, GALANTE, CÓDIGO SIMEC 24973",102013,NA,5
201050,2013,206382013,9,2013-09-23T00:00:00Z,1,1688253.2,1,"RDC Nº 93/2012 PARA CONSTRUÇÃO DE ESCOLA NA RUA PROJETADA VL6, GALANTE, CÓDIGO SIMEC 24973",092013,NA,5
201050,2014,206382014,2,2014-09-19T00:00:00Z,2,299646.8,2,CONTRATACAO DE EMPRESA ESPECIALIZADA NA CONSTRUCAO DE COBERTURA E QUADRA ESPORTIVA PEQUENA - MODELO FNDE - OBRA ID N6374,082014,NA,5
201050,2015,206382015,2,2015-11-20T00:00:00Z,1,26983.62,1,"EXECUCAO DOS SERVICOS DE COMPLEMENTACAO DA REFORMA DA ESCOLA MUNICIPAL APOLONIA AMORIM, NO MUNICIPIO DE CAMPINA GRANDE,",112015,NA,5
201050,2013,206392013,2,2013-09-23T00:00:00Z,1,1684917.29,1,"RDC Nº 93/2012 PARA CONSTRUÇÃO DE ESCOLA NA RUA PROJETADA 2, BAIRRO SERROTÃO, CÓDIGO SIMEC 24980",102013,NA,5
201050,2013,206392013,9,2013-09-23T00:00:00Z,1,1684917.29,1,"RDC Nº 93/2012 PARA CONSTRUÇÃO DE ESCOLA NA RUA PROJETADA 2, BAIRRO SERROTÃO, CÓDIGO SIMEC 24980",092013,NA,5
201050,2014,206392014,2,2014-09-19T00:00:00Z,3,353367.63,2,CONTRATACAO DE EMPRESA ESPECIALIZADA NA CONSTRUCAO DE COBERTURA E QUADRA ESPORTIVA PEQUENA - MODELO FNDE - OBRA ID N6374,082014,NA,5
201050,2015,206392015,2,2015-09-25T00:00:00Z,1,405707.49,1,EXECUCAO DOS SERVICOS DE COMPLEMENTO DE OBRA DE CONSTRUCAO DE QUADRA POLIESPORTIVA COBERTA COM VESTIARIO NO CEAI JOAO PE,082015,NA,5
201050,2013,206402013,2,2013-09-23T00:00:00Z,1,1682750.3,1,"RDC Nº 93/2012 PARA CONSTRUÇÃO DE ESCOLA NA RUA PROJETADA X, BAIRRO TRÊS IRMÃS, CÓDIGO SIMEC 24979",102013,NA,5
201050,2013,206402013,9,2013-09-23T00:00:00Z,1,1682750.3,1,"RDC Nº 93/2012 PARA CONSTRUÇÃO DE ESCOLA NA RUA PROJETADA X, BAIRRO TRÊS IRMÃS, CÓDIGO SIMEC 24979",092013,NA,5
201050,2014,206402014,2,2014-09-19T00:00:00Z,3,325300.09,2,CONTRATACAO DE EMPRESA ESPECIALIZADA NA CONSTRUCAO DE COBERTURA E QUADRA ESPORTIVA PEQUENA - MODELO FNDE - OBRA ID N6374,082014,NA,5
201050,2015,206402015,2,2015-09-25T00:00:00Z,1,395349.51,1,EXECUCAO DOS SERVICOS DE COMPLEMENTO DE OBRA DE CONSTRUCAO DE QUADRA POLIESPORTIVA COBERTA COM VESTIARIO NA ESCOLA MUNIC,082015,NA,5
201050,2013,206412013,2,2013-09-23T00:00:00Z,1,1671539.25,1,"RDC Nº 93/2012 PARA CONSTRUÇÃO DE ESCOLA NA RUA PROJETADA X, BAIRRO SANTA TEREZINHA, CÓDIGO SIMEC 24975",102013,NA,5
201050,2013,206412013,9,2013-09-23T00:00:00Z,1,1671539.25,1,"RDC Nº 93/2012 PARA CONSTRUÇÃO DE ESCOLA NA RUA PROJETADA X, BAIRRO SANTA TEREZINHA, CÓDIGO SIMEC 24975",092013,NA,5
201050,2014,206412014,2,2014-09-24T00:00:00Z,1,183405.6,2,CONTRATACAO DE EMPRESA ESPECIALIZADA NA EXECUCAO DA REFORMA DA ESCOLA MUNICIPAL DE ENSINO FUNDAMENTAL WILLIAMS DE SOUZA,082014,NA,5
201050,2015,206412015,2,2015-09-25T00:00:00Z,1,405707.49,1,EXECUCAO DOS SERVICOS DE COMPLEMENTO DE OBRA DE CONSTRUCAO DE QUADRA POLIESPORTIVA COBERTA COM    VESTIARIO NA ESCOLA MU,082015,NA,5
201050,2013,206422013,2,2013-09-23T00:00:00Z,1,1685206.97,1,"RDC Nº 93/2012 PARA CONSTRUÇÃO DE ESCOLA NA RUA BELO HORIZONTE, BAIRRO TRÊS IRMÃS, CÓDIGO SIMEC 24983",102013,NA,5
201050,2013,206422013,9,2013-09-23T00:00:00Z,1,1685206.97,1,"RDC Nº 93/2012 PARA CONSTRUÇÃO DE ESCOLA NA RUA BELO HORIZONTE, BAIRRO TRÊS IRMÃS, CÓDIGO SIMEC 24983",092013,NA,5
201050,2015,206422015,2,2015-09-25T00:00:00Z,1,405641.04,1,EXECUCAO DOS SERVICOS DE COMPLEMENTO DE OBRA DE CONSTRUCAO DE QUADRA POLIESPORTIVA COBERTA COM   VESTIARIO NA ESCOLA MUN,082015,NA,5
201050,2014,206432014,2,2014-12-24T00:00:00Z,1,282615.87,1,"EXECUCAO DA REFORMA DA ESCOLA MUNICIPAL DE ENSINO FUNDAMENTAL MARIA DA LUZ, NO MUNICIPIO DE CAMPINA GRANDE, ESTADO DA PA",112014,NA,5
201050,2015,206442014,2,2015-01-16T00:00:00Z,3,310363.06,1,"EXECUCAO DA REFORMA DA ESCOLA MUNICIPAL DE ENSINO FUNDAMENTAL RAIMUNDO ASFORA, NO MUNICIPIO DE CAMPINA GRANDE, ESTADO DA",032015,NA,NA
201050,2015,206452014,2,2015-01-16T00:00:00Z,1,208759.0,1,"EXECUCAO DA REFORMA DA ESCOLA MUNICIPAL DE ENSINO FUNDAMENTAL AMARO DA COSTA BARROS, NO MUNICIPIO DE CAMPINA GRANDE, EST",032015,NA,NA
201050,2015,206542015,2,2015-12-21T00:00:00Z,2,1035132.34,1,"CONSTRUCAO DE UNIDADES SANITARIAS EM ESCOLAS DA REDE MUNICIPAL DE ENSINO, NO MUNICIPIO DE CAMPINA GRANDE, ESTADO DA PARA",112015,NA,5
201050,2015,206562015,2,2015-12-10T00:00:00Z,1,86228.38,1,"CONSTRUCAO DE BERCARIO NA CRECHE MUNICIPAL MARIA EMILIA, NO MUNICIPIO DE CAMPINA GRANDE, ESTADO DA PARAIBA.",112015,NA,5
201050,2015,206572015,2,2015-12-10T00:00:00Z,1,100774.11,1,"CONSTRUCAO DE BERCARIO NA CRECHE MUNICIPAL SINHAZINHA CELINO, NO MUNICIPIO DE CAMPINA GRANDE, ESTADO DA PARAIBA.",112015,NA,5
201050,2015,206582015,2,2015-12-10T00:00:00Z,1,96074.2,1,"CONSTRUCAO DE BERCARIO NA CRECHE MUNICIPAL VANIA FIGUEIREDO, NO MUNICIPIO DE CAMPINA GRANDE, ESTADO DA PARAIBA.",112015,NA,5
201050,2015,206592015,2,2015-12-19T00:00:00Z,1,100234.87,1,"CONSTRUCAO DE BERCARIO NA CRECHE MUNICIPAL ZEFERINA GAUDENCIO, NO MUNICIPIO DE CAMPINA GRANDE, ESTADO DA PARAIBA.",112015,NA,5
201050,2014,207012014,2,2014-04-30T00:00:00Z,1,1462120.22,2,"CONSTRUCAO DO MEMORIAL E CENTRO DE INFORMACOES  TURISTICAS DE CAMPINA GRANDE, NESTE ESTADO. TIPO MENOR PRECO.",042014,NA,5
201050,2014,208012014,2,2014-03-26T00:00:00Z,1,62242.15,1,EXECUÃ?Ã?O OBRAS DE CONSTRUÃ?Ã?O DE 02(DUAS) PASSAGENS SOBRE O CANAL PARA ACESSO AO TERMINAL DE PASSAGEIROS DAS MALVINAS,022014,NA,5
201050,2014,208012014,3,2014-07-01T00:00:00Z,4,51454.38,1,"CONTRACAO DE EMPRESA DO RAMO DE CONSTRUCAO CIVIL PARA EXECUCAO DE OBRAS E SERVICOS DE REPOSICAO,AQUISICAO DE PAVIMENTACA",052014,NA,NA
201050,2015,208012015,1,2015-03-04T00:00:00Z,1,2259036.01,1,"IMPLANTACAO DE INFRAESTRUTURA URBANA ATRAVES DE PAVIMENTACAO ASFALTICA E RAMPAS DE ACESSIBILIDADE, INCLUSIVE SINALIZACAO",032015,NA,NA
201050,2015,208012015,3,2015-04-01T00:00:00Z,3,74993.46,1,CONTRACAO DE EMPRESA DO RAMO DE CONSTRUCAO CIVIL PARA CONSTRUCAO DE 02(DUAS) UNIDADES   HABITACIONAIS NO BAIRRO DO JEREM,032015,NA,NA
201050,2015,208012015,8,2015-06-03T00:00:00Z,1,43729.37,1,"EXECUCAO  DE SERVICOS DE DESLOCAMENTO DE TRECHO  DE REDE DE DISTRIBUICAO DE ENERGIA, NO TRECHO DE CONSTRUCAO VIADUTO NAS",062015,NA,NA
201050,2015,208012015,13,2015-03-31T00:00:00Z,1,3977457.0,1,"CONSTRUCAO DE CRECHE, ESCOLA, CENTRO DE REFERENCIA  DE ASSISTENCIA SOCIAL, ACADEMIA DE SAUDE DA FAMILIA, NO RESIDENCIAL",032015,NA,NA
201050,2014,208022014,11,2014-02-28T00:00:00Z,4,879e3,2,AQUISIÃ?Ã?O DE MATERIAL DE CONSTRUÃ?Ã?O PARA PAVIMENTAÃ?Ã?O E TUBULAÃ?Ã?O EM PRÃ?-MOLDADO PARA LOGRADOUROS PÃ?BLICOS MUN,022014,NA,5
201050,2015,208022015,1,2015-09-02T00:00:00Z,2,507296.81,1,"IMPLANTACAO DE INFRAESTRUTURA URBANA ATRAVES DE PAVIMENTACAO EM PARALELEPIPEDOS DE RUAS DA RAMADINHA, BAIRRO DE BODOCONG",082015,NA,5
201050,2013,208042013,2,2013-11-25T00:00:00Z,1,142515.08,1,"OBRAS DE TERRAPLANAGEM E PAVIMENTAÇÃO EM PARALELEPIPEDOS DAS RUAS I, II E III - TERMINAL DE PASSAGEIROS DAS MALVINAS",112013,NA,5
201050,2014,208042014,2,2014-07-09T00:00:00Z,5,178987.08,2,"EXECUCAO DE OBRAS E SERVICOS DE TERRAPLANAGEM E PAVIMENTACAO EM PARALELEPIPEDOS DA RUA RIACHUELO, NO TRECHO COMPREENDIDO",062014,NA,5
201050,2014,208052014,2,2014-07-08T00:00:00Z,4,91188.62,1,CONTRACAO DE EMPRESA ESPECIALIZADA NA EXECUCAO DE OBRAS E SERVICOS DA CONSTRUCAO DE UMA PONTE SOBRE O CANAL DAS MALVINAS,062014,NA,5
201050,2015,208052015,2,2015-08-21T00:00:00Z,1,262061.87,1,CONCLUSAO DAS OBRAS DE CONSTRUCAO DO CENTRO DE REFERENCIA ESPECIALIZADA DE ASSISTENCIA SOCIAL  CREAS NO BAIRRO DO CRUZEI,082015,NA,5
201050,2015,208062015,1,2015-10-06T00:00:00Z,2,476145.75,1,EXECUCAO DAS OBRAS E DOS SERVICOS DE PAVIMENTACAO E DRENAGEM DE TRECHOS DAS RUAS PEDRO OTAVIO DE FARIAS E GASPARINO BARR,102015,NA,5
201050,2015,208062015,2,2015-11-13T00:00:00Z,1,53495.23,1,"EMPREITADA POR PRECO UNITARIO, QUE TEM COMO OBJETO A: CONTRACAO DE EMPRESA DO RAMO DE ENGENHARIA CIVIL PARA CONSTRUCAO D",112015,NA,5
201050,2014,211012013,1,2013-12-20T00:00:00Z,1,2116706.38,2,"CONSTRUÇÃO DE CISTERNAS PARA ARMAZENAMENTO DE ÁGUA DE CHUVA, NO MUNICÍPIO DE CAMPINA GRANDE/PB.",022014,NA,5
201050,2015,211412014,11,2015-04-11T00:00:00Z,1,54700.0,2,AQUISICAO DE MATERIAIS PARA CONSTRUCAO DE 50 (CINQUENTA) BARRAGENS SUBTERRANEAS PELA SECRETARIA MUNICIPAL DE AGRICULTURA,032015,NA,NA
201050,2013,213012013,2,2013-12-12T00:00:00Z,1,423931.2,2,CONSTRUÇÃO DO CAMPO DE FUTEBOL DO DISTRITO DE GALANTE.,122013,NA,5
201050,2014,213012014,2,2014-08-16T00:00:00Z,1,227322.35,2,"MENOR PRECO, EM REGIME DE EMPREITADA POR PRECO UNITARIO, PARA EXECUCAO DOS SERVICOS DE CONSTRUCAO DO CAMPO DE FUTEBOL DO",072014,NA,5
201050,2015,213012015,1,2015-12-24T00:00:00Z,2,3559174.42,1,"CONSTRUCAO DO GINASIO DE INICIACAO AO ESPORTE- CIE, NO BAIRRO DA LIBERDADE, NO MUNICIPIO DE CAMPINA GRANDE, ESTADO DA PA",112015,NA,5
201050,2013,213022013,3,2013-08-14T00:00:00Z,1,76829.89,2,"Revitalização, Construções e Manutenção do Ginásio Esportivo O Meninão.",082013,NA,5
201050,2014,213022014,3,2014-03-21T00:00:00Z,3,15e4,1,"CONSTRUÃ?Ã?O DE BANHEIROS E VESTIÃRIOS DA QUADRA DA LIBERDADE NO MUNICÃPIO DE CAMPINA GRANDE, ESTADO DA PARAÃBA",022014,NA,5
201050,2015,213022015,2,2015-11-19T00:00:00Z,2,409941.51,1,"EXECUCAO DA REFORMA DO GINASIO DE ESPORTES O MENINAO - CONVENIO ME - 798617/2013, NO MUNICIPIO DE CAMPINA GRANDE, ESTADO",112015,NA,5
201050,2013,213032013,3,2013-07-27T00:00:00Z,1,147399.36,2,"Construção da Praça da Vila Castelo Branco, neste Município.",072013,NA,NA
201050,2013,214012013,2,2013-06-27T00:00:00Z,1,1163715.35,2,Execução de Pavimentação em Paralelepípedos e Pavimentação Asfáltica em diversas ruas deste Município.,062013,NA,5
201050,2013,214012013,3,2013-02-26T00:00:00Z,1,76675.53,1,Execução de Reposição de Pavimentação em Paralelepípedos em determinadas ruas deste Município.,022013,NA,NA
201050,2014,214012013,11,2014-02-23T00:00:00Z,1,20221.24,2,CONSTRUÇÃO DE PLATAFORMA LEVADIÇA PARA COLOCAÇÃO DE EQUIPAMENTOS DE PEQUENO PORTE NO AÇUDE VELHO.,032014,NA,5
201050,2014,214012014,2,2014-06-26T00:00:00Z,1,1159610.58,2,"DRENAGEM, TERRAPLANAGEM E PAVIMENTACAO ASFALTICA NA RUA JOAO SUASSUNA, NO TRECHO: RUA MARIA ARRUDA FIGUEIREDO/GILDETE DI",052014,NA,NA
201050,2015,214012015,1,2015-10-22T00:00:00Z,2,2224183.96,1,"EXECUCAO DOS SERVICOS DE PAVIMENTACAO DE RUAS NOS  BAIRROS DAS MALVINAS, CRUZEIRO E DISTRITO DE SAO JOSE DA MATA,   NO M",092015,NA,5
201050,2015,214012015,2,2015-03-25T00:00:00Z,1,73047.77,1,EXECUCAO DOS SERVICOS DE TERRAPLANAGEM E PAVIMENTACAO EM PARALELEPIPEDO DO ALARGAMENTO DA RUA MEN DE SA E REPOSICAO DA P,032015,NA,1
201050,2014,214022014,1,2014-06-03T00:00:00Z,1,2545190.29,2,"MENOR PRECO UNITARIO PARA EXECUCAO DE PAVIMENTACAO EM PARALELEPIPEDOS E PISO INTERTRAVADO EM PRACAS, RUAS E AVENIDAS DO",052014,NA,5
201050,2014,214022014,2,2014-08-30T00:00:00Z,1,74171.46,2,"CONTRATACAO DE EMPRESA ESPECIALIZADA PARA CONSTRUCAO DE 05 (CINCO) BOXES NA PRACA EVANILSON MENEZES, NO BAIRRO DA LIBERD",082014,NA,5
201050,2014,214032014,11,2014-02-15T00:00:00Z,2,94965.0,2,"REGISTRO DE PREÃ?OS PARA AQUISIÃ?Ã?O E MONTAGEM: GRADIL METÃLICO, COBERTURA PARA QUIOSQUE E TELA EM ARAME GALVANIZADO P",022014,NA,5
201050,2014,214042014,2,2014-10-29T00:00:00Z,1,162062.48,2,"CONTRATACAO DE EMPRESA ESPECIALIZADA NO SERVICO DE URBANIZACAO E PAVIMENTACAO EM BLOCO INTERTRAVADO, PLAYGROUND E ILUMIN",092014,NA,5
201050,2015,214042015,2,2015-04-08T00:00:00Z,3,73973.9,1,EXECUCAO DOS SERVICOS DE CONSTRUCAO DE MURETA EM ALVENARIA PARA IMPLANTACAO DE ALAMBRADO NO CAMPO DE FUTEBOL DO DISTRITO,032015,NA,NA
201050,2014,214052014,2,2014-09-06T00:00:00Z,1,114589.03,2,CONSTRUCAO DE QUIOSQUE NA PRACA ISAAC CATAO COM COBERTURA EM ESTRUTURA METALICA E TELHAMENTO PAR ATENDER A SECRETARIA DE,082014,NA,5
201050,2014,214062014,2,2014-12-27T00:00:00Z,1,575211.27,2,"RECUPERACAO DE GRADES METALICAS, ILUMINACAO DE PRACAS E  PARQUE DA CRIANCA, RESTAURACAO DE PISOS, CONSTRUCAO DE COBERTA",112014,NA,5
201050,2015,214062015,2,2015-03-31T00:00:00Z,1,351619.76,1,"EXECUCAO DE SERVICOS DE CONSTRUCAO DE MURETA EM ALVENARIA, COM MONTAGEM DE POSTE EM CONCRETO ARMADO, PARA COLOCACAO DE R",032015,NA,NA
201050,2014,214072014,2,2014-12-02T00:00:00Z,3,819778.41,1,"EXECUCAO DOS SERVICOS DE ESGOTAMENTO SANITARIO, TERRAPLANAGEM E PAVIMENTACAO NAS RUAS: ANTONIO BERNARDINO DE SENA, JOAO",112014,NA,5
201050,2015,214082015,2,2015-07-01T00:00:00Z,2,91022.02,2,"EXECUCAO DOS SERVICOS DE DRENAGEM, TERRAPLANAGEM,  REPOSICAO E IMPLANTACAO DE PAVIMENTACAO EM PARALELEPIPEDO DAS RUAS: C",062015,NA,NA
201050,2013,214092013,3,2013-10-04T00:00:00Z,1,72720.0,2,AQUISIÇÃO DE MATERIAL DE CONSTRUÇÃO DESTINADO A SECRETARIA DE SERVIÇOS URBANOS E MEIO AMBIENTE.,122013,NA,5
201050,2015,214092015,2,2015-07-11T00:00:00Z,2,1088177.36,1,"EXECUCAO DOS SERVICOS DE DRENAGEM, TERRAPLANAGEM, REPOSICAO E IMPLANTACAO DA PAVIMENTACAO EM PARALELEPIPEDOS DAS RUAS DO",062015,NA,NA
201050,2015,214112015,2,2015-12-11T00:00:00Z,1,950278.18,1,"EXECUCAO DOS SERVICOS DE TERRAPLENAGEM E PAVIMENTACAO EM PARALELEPIPEDOS DE RUAS NOS BAIRROS: JARDIM CONTINENTAL, MUTIRA",112015,NA,5
201050,2015,214132015,2,2015-12-15T00:00:00Z,1,207901.94,1,"EXECUCAO DOS SERVICOS DE CONSTRUCAO DA ESTRUTURA FISICA DAS LAJES DE PROTECAO DOS CANAIS DAS RUAS: CAICO, DR. MOISES, MA",112015,NA,5
201050,2015,214142015,2,2015-12-12T00:00:00Z,1,25551.52,1,EXECUCAO DOS SERVICOS DE CONCLUSAO DA TERRAPLANAGEM E PAVIMENTACAO DA RUA JOSE MOISES MEDEIROS NETO (TRECHO DA RUA JOSE,112015,NA,5
201050,2014,214192013,11,2013-11-07T00:00:00Z,1,306763.0,2,AQUISIÇÃO DE MATERIAL DE CONSTRUÇÃO.,032014,NA,5
201050,2014,214282014,11,2014-05-21T00:00:00Z,4,1795432.54,2,AQUISICAO DE MATERIAL DE CONSTRUCAO PARA SECRETARIA DE SERVICOS URBANOS E MEIO AMBIENTE.,042014,NA,5
201050,2014,250192014,11,2014-12-12T00:00:00Z,2,661082.7,2,AQUISICAO DE MATERIAL DE CONSTRUCAO PARA ATENDER AS DIVERSAS ACOES DO FUNDO MUNICIPAL DE  ASSISTENCIA SOCIAL- SEMAS.,122014,NA,5
201050,2014,280032014,1,2014-11-08T00:00:00Z,1,6904075.74,1,"REVITALIZACAO DA FEIRA CENTRAL  1 ETAPA  CONSTRUCAO DOS ARMAZENS, NO MUNICIPIO DE CAMPINA GRANDE, ESTADO DA PARAIBA",092014,NA,NA
201050,2013,600032012,1,2012-07-25T00:00:00Z,1,11492890.72,1,"CONSTRUÇÃO DE UNIDADES DE EDUCAÇÃO INFANTIL NO MUNICÍPIO DE CAMPINA GRANDE, PB.",072013,NA,5
601050,2014,163912014,2,2014-09-11T00:00:00Z,1,346595.47,1,"EXECUCAO DAS OBRAS E SERVICOS DE CONSTRUCAO DE UNIDADE BASICA   DE SAUDE PORTE I, TRES IRMAS I, NO BAIRRO TRES IRMAS EM",092014,NA,5
601050,2014,163922014,2,2014-09-16T00:00:00Z,1,432501.94,1,"EXECUCAO DAS OBRAS E SERVICOS DE CONSTRUCAO DE UNIDADE BASICA   DE SAUDE PORTE II, GALANTE IV, NO DISTRITO DE GALANTE  E",092014,NA,5
601050,2014,164462014,2,2014-11-07T00:00:00Z,1,344662.62,1,"EXECUCAO DA OBRA DE  CONSTRUCAO DA CASA DA GESTANTE, BEBE E PUERPERA  CGBP  (AMPLIACAO).",102014,NA,5
601050,2015,164852015,7,2015-10-02T00:00:00Z,1,371896.45,1,A CONTRATACAO DE REMANESCENTE DE OBRAS E SERVICOS DE CONSTRUCAO DE UNIDADE BASICA DE SAUDE PORTE I TRES IRMAS  NO BAIRRO,092015,NA,5
601050,2015,165172014,1,2015-02-11T00:00:00Z,1,1258654.97,1,EXECUCAO DAS OBRAS E SERVICOS DE CONSTRUCAO DO CENTRO DE PARTO NORMAL E DA UTI NEONATAL DO INSTITUTO DE SAUDE ELPIDIO DE,012015,NA,NA
302050,2015,000012014,3,2014-02-17T00:00:00Z,1,39904.0,2,AQUISICAO DE MATERIAL DE CONSTRUCAO,032015,NA,NA
302050,2013,000092013,3,2013-07-15T00:00:00Z,1,5e4,2,AQUISIÇÃO DE MATERIAL DE CONSTRUÇÃO DESTINADOS A AMDE E AO TERCEIRO SETOR,072013,NA,5
303050,2015,000062015,11,2015-09-02T00:00:00Z,2,4e4,2,CONTRATACAO DE EMPRESA DO RAMO PARA FORNECIMENTO POR COMPRA DE MATERIAL DE CONSTRUCAO DESTINADO A ATENDER AS NECESSIDADE,092015,NA,5
303050,2013,000192013,3,2013-06-18T00:00:00Z,1,51767.76,1,"CONSTRUÇÃO DE CALÇADAS, MEIO-FIO, CALÇAMENTO E RAMPAS PARA CADEIRANTES PARA MELHORIA DA CIRCULAÇÃO DE PEDESTRES DE CAMPI",062013,NA,5
601050,2013,000012012,1,2012-10-17T00:00:00Z,1,2142268.64,1,EXECUÇÃO DE OBRAS E SERVIÇOS DE CONSTRUÇÃO DA UNIDADE DE PRONTO ATENDIMENTO II UPA NO BAIRRO DINAMÉRICA EM CAMPINA GRAND,052013,NA,5
601050,2013,160012012,1,2012-10-17T00:00:00Z,1,2142268.64,1,EXECUÇÃO DE OBRAS E SERVIÇOS DE CONSTRUÇÃO DA UNIDADE DE PRONTO ATENDIMENTO II UPA NO BAIRRO DINAMÉRICA EM CAMPINA GRAND,092013,NA,5
601050,2014,160032013,2,2013-07-26T00:00:00Z,1,180000.33,1,"EXECUÇAO DAS OBRAS E SERVIÇOS DE CONSTRUÇAO DE 01 ACADEMIA DE SAUDE NO DISTRITO DE GALANTE, CG-PB.",032014,NA,5
601050,2013,160032013,3,2013-03-13T00:00:00Z,3,108747.86,1,CONTRATAÇÃO DE EMPRESA PARA EXECUÇÃO DAS OBRAS E SERVIÇOS DE REFORMA E AMPLIAÇÃO DA UNIDADE BÁSICA DE SAÚDE- UBS JOCEL F,032013,NA,5
601050,2014,160042013,2,2014-02-04T00:00:00Z,2,2e5,1,EXECUÇAO DAS OBRAS E SERVIÇOS DE REFORMA E AMPLIAÇAO DO INSTITUTO DE SAUDE  DE ALMEIDA -ISEA,082014,NA,5
601050,2013,160042013,3,2013-03-28T00:00:00Z,4,138002.78,1,CONTRATAÇÃO DE EMPRESA PARA EXECUÇÃO DAS OBRAS E SERVIÇOS DE REFORMA E AMPLIAÇÃO DO PRÉDIO DAS UNIDADES BÁSICA DE SAÚDE,032013,NA,5
601050,2013,160052013,3,2013-04-05T00:00:00Z,3,147955.33,1,CONTRATAÇÃO DE EMPRESA PARA EXECUÇÃO DAS OBRAS E SERVIÇOS DE REFORMA DA FACHADA E RECEPÇÃO DO HOSPITAL PEDRO I - CAMPINA,042013,NA,5
601050,2015,160062015,7,2015-01-05T00:00:00Z,1,7812.0,2,"LOCACAO DE IMOVEL SITUADO NA TRAVESSA CONSTRUTOR JOAO GALDINO N 2.388, PORTEIRA DE PEDRA, CAMPINA GRANDE-PB PARA FUNCION",012015,NA,NA
601050,2013,160072013,3,2013-04-15T00:00:00Z,3,75088.89,1,CONTRATAÇÃO DA EMPRESA PARA EXECUÇÃO DAS OBRAS E SERVIÇOS DE REFORMA E AMPLIAÇÃO DA UNIDADE BÁSICA DE SAÚDE DA FAMÍLIA-J,042013,NA,5
601050,2013,160092013,3,2013-05-02T00:00:00Z,3,97500.21,1,CONTRATAÇÃO DE EMPRESA PARA EXECUÇÃO DAS OBRAS E SERVIÇOS DE REFORMA E AMPLIAÇÃO DA UNIDADE BÁSICA DE SAÚDE DA FAMÍLIA -,052013,NA,5
601050,2013,160102013,3,2013-05-02T00:00:00Z,3,108163.78,1,CONTRATAÇÃO DE EMPRESA DO RAMO DA CONSTRUÇÃO CIVIL ESPECIALIZADA PARA EXECUÇÃO DOS SERVIÇOS DE AMPLIAÇÃO DO ESTACIONAMEN,052013,NA,5
601050,2014,160102014,7,2014-01-02T00:00:00Z,1,7536.0,2,"LOCACAO DE IMOVEL SITUADO NA TRAVESSA CONSTRUTOR JOAO GALDINO N 2.388, PORTEIRA DE PEDRA, CAMPINA GRANDE-PB PARA FUNCION",022014,NA,5
601050,2013,160212013,3,2013-05-09T00:00:00Z,3,21437.71,1,"CONTRATAÇÃO DE EMPRESA PARA EXECUÇÃO DAS OBRAS E SERVIÇOS DE REFORMA DO SETOR DE REFERÊNCIA DE TUBERCULOSE E HANSENIASE,",052013,NA,5
601050,2013,160252013,3,2013-05-14T00:00:00Z,3,94498.41,1,CONTRATAÇÃO DE EMPRESA PARA EXECUÇÃO DAS OBRAS E SERVIÇOS DE REFORMA E AMPLIAÇÃO DA UNIDADE BASICA DE SAUDE DA FAMILIA R,052013,NA,5
601050,2013,160272013,3,2013-05-15T00:00:00Z,3,30871.24,1,CONTRATAÇÃO DE EMPRESA PARA EXECUÇÃO DAS OBRAS E SERVIÇOS DE REFORMA DA UNIDADE BASICA DE SAUDE DA FAMILIA - BENJAMIM B.,062013,NA,5
601050,2013,160282013,3,2013-05-20T00:00:00Z,3,56179.81,2,"CONTRATAÇAO DE EMPRESA P/ EXECUÇAO DAS OBRAS E SERV. DE REFORMA DA UBSF  CATOLE I  PEDREIRA DE CG/PB,  PARAZO DE 30 DIAS",092013,NA,5
601050,2013,160292013,3,2013-05-20T00:00:00Z,3,149501.38,1,"CONTRATAÇÃO DE EMPRESA ESPECIALIZADA DO RAMO DE CONTRUÇÃO CIVIL, PARA PRESTAÇÃO DO SERVIÇO DE REFORMA DA FACHADA E URBAN",052013,NA,5
601050,2013,160402013,3,2013-06-04T00:00:00Z,3,99163.8,1,"CONTRATAÇAO DE EMPRESA PARA EXECUÇAO DOS SERVIÇOS DE REFORMA DO CENTRO DE ESPECIALIDADES ODONTOLOGICAS-CEO, NO BAIRROCAT",062013,NA,5
601050,2013,160492013,7,2013-01-15T00:00:00Z,1,7140.0,2,"LOCAÇÃO DE IMÓVEL SITUADO NA TRAVESSA CONSTRUTOR JOÃO GALDINO, 2388, PORTEIRA DE PEDRA, CAMPINA GRANDE/PB, PARA FUNCIONA",062013,NA,5
601050,2014,161022014,7,2014-03-05T00:00:00Z,1,3e3,2,"CONTRATACAO DE EMPRESA PARA CONSTRUCAO DE WEBSITE DO CONSELHO MUNICIPAL DE SAUDE, CONFORME SOLICITACAO DA PRESIDENCIA DO",032014,NA,5
601050,2015,161182015,11,2015-04-10T00:00:00Z,3,1991237.95,2,AQUISICAO DE MATERIAL DE CONSTRUCAO PARA ATENDER AS NECESSIDADES DE MANUTENCAO DAS UNIDADES DE SAUDE PELO PERIODO DE 12,042015,NA,NA
601050,2013,161342013,7,2013-04-16T00:00:00Z,3,466355.8,2,AQUISIÇÃO DE MATERIAL DE CONSTRUÇÃO PARA ATENDER AS NECESSIDADAS DE MANUTENÇÃO DAS UNIDADES DE SAÚDE,062013,NA,5
601050,2013,161772013,11,2013-09-16T00:00:00Z,3,953714.65,2,"AQUISIÇAO DE MATERIAL DE CONSTRUÇAO PARA ATENDER A SECRETARIA MUNICIPAL DE SAUDE, DURANTE UM PERIODO DE 12 MESES.",092013,NA,5
601050,2013,161962013,3,2013-09-11T00:00:00Z,3,78494.94,1,"CONT DE EMP. ESPECIA EM  ENG  CONSTRUÇAO P/REFORMA E AMPLIA DA UBSF LOCALI  NO SITIO  SURRAO DISTRITO DE GALANTE , CG-PB",092013,NA,5
601050,2013,162262013,3,2013-09-30T00:00:00Z,3,148933.75,1,EXECUÇAO DE OBRAS DE REFORMA DA COBERTURA E ESQUADRIAS DO INSTITUTO DE SAUDE ELPIDIO DE ALMEIDA-ISEA EM CAMPINA GRANDE-P,092013,NA,5
601050,2014,162582013,2,2014-02-26T00:00:00Z,4,659017.06,2,"EXECUÇAO DAS OBRAS E SERVIÇOS DE CONSTRUÇAO DA UBSF DA FAMILIA PORTE III, ""RONALDO CUNHA LIMA""  NOVO HORIZONTE, CG/PB",052014,NA,5
601050,2013,162682013,7,2013-12-17T00:00:00Z,3,7920.0,2,"AQUISIÇAO DE COLCHOES TIPO HOSPITALAR MEDINDO 0,88M X 1,88M D-33 E COBERTURA IMPERMEAVEL P/ATENDER AS NECESSIDADES DO IS",122013,NA,5
601050,2014,162722013,2,2014-02-21T00:00:00Z,1,100003.71,1,EXECUÇAO DE OBRAS E SERVIÇOS DE CONSTRUÇAO DE ACADEMIA AO AR LIVRE NO BAIRRO DO MUTIRAO,032014,NA,5
601050,2015,163232015,7,2015-05-14T00:00:00Z,1,11030.0,2,A CONTRATACAO PARA REALIZACAO DE PROCEDIMENTO CIRURGICO DE RECONSTRUCAO DE LIGAMENTOS E DO MENISCO EM JOELHO DIREITO VIA,052015,NA,NA
601050,2015,163472015,7,2015-05-27T00:00:00Z,1,7975.0,2,"AQUISICAO DE COLCHOES HOSPITALAR MEDINDO 0,88 X 1,88 COM DENSIDADE D-33 COM COBERTURA IMPERMEAVEL, PARA ATENDER AS NECES",052015,NA,NA
601050,2014,163712014,2,2014-09-09T00:00:00Z,1,281137.13,1,EXECUCAO DAS OBRAS E SERVICOS DE REFORMA DA UNIDADE BASICA DE SAUDE RAIMUNDO CARNEIRO NO PEDREGAL; UNIDADE BASICA DE SAU,092014,NA,5
601050,2014,163722014,3,2014-06-18T00:00:00Z,1,119746.38,1,"REFORMA E ADEQUACAO DE ESPACO PARA IMPLANTACAO DOS CENTROS DE ESPECIALIDADES ODONTOLOGICAS (CEOS) TIPO 1, DE SAO JOSE DA",062014,NA,5
603050,2015,250072015,12,2015-07-10T00:00:00Z,1,27120.0,2,"CONTRATACAO DE  SERVICOS DE TELEFONIA MOVEL DIGITAL (SMP) COM COBERTURA DE ROAMING NACIONAL, HABILITADOS OS SERVICOS EM",072015,NA,5
